{"Commodore Barry Park": {"distance": 0.44, "coords": [40.69757202341063, -73.97920403083667]}, "Fort Greene Park": {"distance": 0.24, "coords": [40.690206830228135, -73.97349689659993]}, "Oracle Playground": {"distance": 0.37, "coords": [40.69376077946356, -73.97156701366978]}, "University Place": {"distance": 0.2, "coords": [40.69067633411401, -73.98148728235603]}, "Edmonds Playground": {"distance": 0.35, "coords": [40.689228674596826, -73.97174278866792]}, "North Pacific Playground": {"distance": 0.48, "coords": [40.68521931484296, -73.98225021076478]}, "Albert J. Parham Playground": {"distance": 0.38, "coords": [40.690641965222014, -73.97051714155904]}, "Sixteen Sycamores Playground": {"distance": 0.36, "coords": [40.68673520286452, -73.98100300075731]}, "Arbor Place": {"distance": 0.36, "coords": [40.696011760818095, -73.98074798784292]}, "Oxport Playground": {"distance": 0.42, "coords": [40.69727699560936, -73.97646882855334]}, "Bkln Bears Rockwell Pl Garden": {"distance": 0.31, "coords": [40.686913795151256, -73.97916335525728]}, "Cuyler Gore Park": {"distance": 0.46, "coords": [40.68577902532171, -73.9726784757686]}}